"AGE","AGE_ADJUSTED_CI_LOWER","AGE_ADJUSTED_CI_UPPER","AGE_ADJUSTED_RATE","COUNT","EVENT_TYPE","POPULATION","SITE","YEAR","SERIALID"
"0-19","0.100000001490116","0.200000002980232","0.100000001490116","103","Mortality",81425816,"Non-Hodgkin Lymphoma","2003-04-01 00:00:00",210
"0-14","0.800000011920929","1","0.899999976158142","508","Incidence",56909320,"Non-Hodgkin Lymphoma","2003-04-01 00:00:00",211
"0-19","1","1.20000004768372","1.10000002384186","823","Incidence",76413922,"Non-Hodgkin Lymphoma","2003-04-01 00:00:00",212
"0-14","0.5","0.600000023841858","0.5","311","Mortality",60628650,"Other","2003-04-01 00:00:00",213
"0-19","0.5","0.600000023841858","0.600000023841858","447","Mortality",81425816,"Other","2003-04-01 00:00:00",214
"0-14","3.20000004768372","3.5","3.29999995231628","1908","Incidence",56909320,"Other","2003-04-01 00:00:00",215
"0-19","4.5","4.80000019073486","4.69999980926514","3608","Incidence",76413922,"Other","2003-04-01 00:00:00",216
"0-14","0.100000001490116","0.200000002980232","0.100000001490116","78","Mortality",60628650,"Soft Tissue","2003-04-01 00:00:00",217
"0-19","0.200000002980232","0.200000002980232","0.200000002980232","146","Mortality",81425816,"Soft Tissue","2003-04-01 00:00:00",218
"0-14","0.899999976158142","1","0.899999976158142","541","Incidence",56909320,"Soft Tissue","2003-04-01 00:00:00",219
"0-19","0.899999976158142","1.10000002384186","1","780","Incidence",76413922,"Soft Tissue","2003-04-01 00:00:00",220
"0-14","0.300000011920929","0.400000005960464","0.300000011920929","202","Mortality",60651802,"Acute Lymphocytic","2004-04-01 00:00:00",221
"0-19","0.300000011920929","0.400000005960464","0.400000005960464","295","Mortality",81754354,"Acute Lymphocytic","2004-04-01 00:00:00",222
"0-14","3.70000004768372","4","3.79999995231628","2224","Incidence",58106078,"Acute Lymphocytic","2004-04-01 00:00:00",223
"0-19","3.20000004768372","3.40000009536743","3.29999995231628","2552","Incidence",78301500,"Acute Lymphocytic","2004-04-01 00:00:00",224
"0-14","0.200000002980232","0.300000011920929","0.200000002980232","147","Mortality",60651802,"Acute Myeloid","2004-04-01 00:00:00",225
"0-19","0.200000002980232","0.300000011920929","0.300000011920929","211","Mortality",81754354,"Acute Myeloid","2004-04-01 00:00:00",226
"0-14","0.600000023841858","0.800000011920929","0.699999988079071","409","Incidence",58106078,"Acute Myeloid","2004-04-01 00:00:00",227
"0-19","0.699999988079071","0.800000011920929","0.699999988079071","578","Incidence",78301500,"Acute Myeloid","2004-04-01 00:00:00",228
"0-14","2.29999995231628","2.59999990463257","2.5","1492","Mortality",60651802,"All Cancer Sites Combined","2004-04-01 00:00:00",229
"0-19","2.59999990463257","2.79999995231628","2.70000004768372","2223","Mortality",81754354,"All Cancer Sites Combined","2004-04-01 00:00:00",230
"0-14","15.6000003814697","16.2000007629395","15.8999996185303","9270","Incidence",58106078,"All Cancer Sites Combined","2004-04-01 00:00:00",231
"0-19","17","17.6000003814697","17.2999992370605","13611","Incidence",78301500,"All Cancer Sites Combined","2004-04-01 00:00:00",232
"0-14","0.100000001490116","0.200000002980232","0.100000001490116","75","Mortality",60651802,"Bones and Joints","2004-04-01 00:00:00",233
"0-19","0.200000002980232","0.300000011920929","0.200000002980232","189","Mortality",81754354,"Bones and Joints","2004-04-01 00:00:00",234
"0-14","0.699999988079071","0.800000011920929","0.699999988079071","429","Incidence",58106078,"Bones and Joints","2004-04-01 00:00:00",235
"0-19","0.899999976158142","1","0.899999976158142","728","Incidence",78301500,"Bones and Joints","2004-04-01 00:00:00",236
"0-14","0.699999988079071","0.800000011920929","0.699999988079071","446","Mortality",60651802,"Brain and Other Nervous System","2004-04-01 00:00:00",237
"0-19","0.600000023841858","0.699999988079071","0.699999988079071","555","Mortality",81754354,"Brain and Other Nervous System","2004-04-01 00:00:00",238
"0-14","3.40000009536743","3.70000004768372","3.59999990463257","2075","Incidence",58106078,"Brain and Other Nervous System","2004-04-01 00:00:00",239
"0-19","3.09999990463257","3.40000009536743","3.29999995231628","2544","Incidence",78301500,"Brain and Other Nervous System","2004-04-01 00:00:00",240
"0-14","null","null","null","null","Mortality",60651802,"Hodgkin Lymphoma","2004-04-01 00:00:00",241
"0-19","0","0","0","23","Mortality",81754354,"Hodgkin Lymphoma","2004-04-01 00:00:00",242
"0-14","0.5","0.600000023841858","0.5","310","Incidence",58106078,"Hodgkin Lymphoma","2004-04-01 00:00:00",243
"0-19","1.10000002384186","1.29999995231628","1.20000004768372","941","Incidence",78301500,"Hodgkin Lymphoma","2004-04-01 00:00:00",244
"0-14","0.100000001490116","0.100000001490116","0.100000001490116","51","Mortality",60651802,"Kidney and Renal Pelvis","2004-04-01 00:00:00",245
"0-19","0.100000001490116","0.100000001490116","0.100000001490116","59","Mortality",81754354,"Kidney and Renal Pelvis","2004-04-01 00:00:00",246
"0-14","0.800000011920929","0.899999976158142","0.800000011920929","480","Incidence",58106078,"Kidney and Renal Pelvis","2004-04-01 00:00:00",247
"0-19","0.600000023841858","0.699999988079071","0.699999988079071","521","Incidence",78301500,"Kidney and Renal Pelvis","2004-04-01 00:00:00",248
"0-14","0.699999988079071","0.800000011920929","0.800000011920929","455","Mortality",60651802,"Leukemia","2004-04-01 00:00:00",249
"0-19","0.800000011920929","0.899999976158142","0.800000011920929","665","Mortality",81754354,"Leukemia","2004-04-01 00:00:00",250
"0-14","4.69999980926514","5.09999990463257","4.90000009536743","2860","Incidence",58106078,"Leukemia","2004-04-01 00:00:00",251
"0-19","4.30000019073486","4.59999990463257","4.40000009536743","3441","Incidence",78301500,"Leukemia","2004-04-01 00:00:00",252
"0-14","0.100000001490116","0.100000001490116","0.100000001490116","44","Mortality",60651802,"Non-Hodgkin Lymphoma","2004-04-01 00:00:00",253
"0-19","0.100000001490116","0.100000001490116","0.100000001490116","100","Mortality",81754354,"Non-Hodgkin Lymphoma","2004-04-01 00:00:00",254
"0-14","0.899999976158142","1","0.899999976158142","547","Incidence",58106078,"Non-Hodgkin Lymphoma","2004-04-01 00:00:00",255
"0-19","1","1.20000004768372","1.10000002384186","872","Incidence",78301500,"Non-Hodgkin Lymphoma","2004-04-01 00:00:00",256
"0-14","0.5","0.600000023841858","0.5","317","Mortality",60651802,"Other","2004-04-01 00:00:00",257
"0-19","0.5","0.600000023841858","0.600000023841858","468","Mortality",81754354,"Other","2004-04-01 00:00:00",258
"0-14","3.29999995231628","3.59999990463257","3.40000009536743","2000","Incidence",58106078,"Other","2004-04-01 00:00:00",259
"0-19","4.59999990463257","4.90000009536743","4.69999980926514","3758","Incidence",78301500,"Other","2004-04-01 00:00:00",260
"0-14","0.100000001490116","0.200000002980232","0.200000002980232","98","Mortality",60651802,"Soft Tissue","2004-04-01 00:00:00",261
"0-19","0.200000002980232","0.200000002980232","0.200000002980232","164","Mortality",81754354,"Soft Tissue","2004-04-01 00:00:00",262
"0-14","0.899999976158142","1.10000002384186","1","569","Incidence",58106078,"Soft Tissue","2004-04-01 00:00:00",263
"0-19","1","1.10000002384186","1","806","Incidence",78301500,"Soft Tissue","2004-04-01 00:00:00",264
"0-14","0.300000011920929","0.400000005960464","0.300000011920929","188","Mortality",60519046,"Acute Lymphocytic","2005-04-01 00:00:00",265
"0-19","0.300000011920929","0.400000005960464","0.300000011920929","267","Mortality",82005260,"Acute Lymphocytic","2005-04-01 00:00:00",266
"0-14","3.59999990463257","3.90000009536743","3.70000004768372","2163","Incidence",57973098,"Acute Lymphocytic","2005-04-01 00:00:00",267
"0-19","3.09999990463257","3.29999995231628","3.20000004768372","2479","Incidence",78541923,"Acute Lymphocytic","2005-04-01 00:00:00",268
"0-14","0.200000002980232","0.300000011920929","0.200000002980232","137","Mortality",60519046,"Acute Myeloid","2005-04-01 00:00:00",269
"0-19","0.200000002980232","0.300000011920929","0.300000011920929","212","Mortality",82005260,"Acute Myeloid","2005-04-01 00:00:00",270
"0-14","0.600000023841858","0.699999988079071","0.600000023841858","372","Incidence",57973098,"Acute Myeloid","2005-04-01 00:00:00",271
"0-19","0.600000023841858","0.699999988079071","0.699999988079071","516","Incidence",78541923,"Acute Myeloid","2005-04-01 00:00:00",272
"0-14","2.29999995231628","2.5","2.40000009536743","1452","Mortality",60519046,"All Cancer Sites Combined","2005-04-01 00:00:00",273
"0-19","2.5","2.79999995231628","2.70000004768372","2183","Mortality",82005260,"All Cancer Sites Combined","2005-04-01 00:00:00",274
"0-14","15.1999998092651","15.8000001907349","15.5","9040","Incidence",57973098,"All Cancer Sites Combined","2005-04-01 00:00:00",275
"0-19","16.8999996185303","17.3999996185303","17.1000003814697","13570","Incidence",78541923,"All Cancer Sites Combined","2005-04-01 00:00:00",276
"0-14","0.100000001490116","0.200000002980232","0.100000001490116","88","Mortality",60519046,"Bones and Joints","2005-04-01 00:00:00",277
"0-19","0.200000002980232","0.300000011920929","0.300000011920929","212","Mortality",82005260,"Bones and Joints","2005-04-01 00:00:00",278
"0-14","0.600000023841858","0.800000011920929","0.699999988079071","408","Incidence",57973098,"Bones and Joints","2005-04-01 00:00:00",279
"0-19","0.800000011920929","1","0.899999976158142","719","Incidence",78541923,"Bones and Joints","2005-04-01 00:00:00",280
"0-14","0.600000023841858","0.800000011920929","0.699999988079071","426","Mortality",60519046,"Brain and Other Nervous System","2005-04-01 00:00:00",281
"0-19","0.600000023841858","0.699999988079071","0.699999988079071","544","Mortality",82005260,"Brain and Other Nervous System","2005-04-01 00:00:00",282
"0-14","3.20000004768372","3.5","3.29999995231628","1930","Incidence",57973098,"Brain and Other Nervous System","2005-04-01 00:00:00",283
"0-19","2.90000009536743","3.20000004768372","3","2377","Incidence",78541923,"Brain and Other Nervous System","2005-04-01 00:00:00",284
"0-14","null","null","null","null","Mortality",60519046,"Hodgkin Lymphoma","2005-04-01 00:00:00",285
"0-19","0","0","0","22","Mortality",82005260,"Hodgkin Lymphoma","2005-04-01 00:00:00",286
"0-14","0.5","0.600000023841858","0.600000023841858","342","Incidence",57973098,"Hodgkin Lymphoma","2005-04-01 00:00:00",287
"0-19","1.20000004768372","1.29999995231628","1.29999995231628","1014","Incidence",78541923,"Hodgkin Lymphoma","2005-04-01 00:00:00",288
"0-14","0.100000001490116","0.100000001490116","0.100000001490116","54","Mortality",60519046,"Kidney and Renal Pelvis","2005-04-01 00:00:00",289
"0-19","0.100000001490116","0.100000001490116","0.100000001490116","62","Mortality",82005260,"Kidney and Renal Pelvis","2005-04-01 00:00:00",290
"0-14","0.800000011920929","0.899999976158142","0.800000011920929","496","Incidence",57973098,"Kidney and Renal Pelvis","2005-04-01 00:00:00",291
"0-19","0.600000023841858","0.800000011920929","0.699999988079071","544","Incidence",78541923,"Kidney and Renal Pelvis","2005-04-01 00:00:00",292
"0-14","0.600000023841858","0.800000011920929","0.699999988079071","417","Mortality",60519046,"Leukemia","2005-04-01 00:00:00",293
"0-19","0.699999988079071","0.800000011920929","0.800000011920929","640","Mortality",82005260,"Leukemia","2005-04-01 00:00:00",294
"0-14","4.59999990463257","4.90000009536743","4.80000019073486","2765","Incidence",57973098,"Leukemia","2005-04-01 00:00:00",295
"0-19","4.09999990463257","4.40000009536743","4.19999980926514","3330","Incidence",78541923,"Leukemia","2005-04-01 00:00:00",296
"0-14","0.100000001490116","0.100000001490116","0.100000001490116","55","Mortality",60519046,"Non-Hodgkin Lymphoma","2005-04-01 00:00:00",297
"0-19","0.100000001490116","0.100000001490116","0.100000001490116","102","Mortality",82005260,"Non-Hodgkin Lymphoma","2005-04-01 00:00:00",298
"0-14","0.899999976158142","1","0.899999976158142","542","Incidence",57973098,"Non-Hodgkin Lymphoma","2005-04-01 00:00:00",299
"0-19","1.10000002384186","1.29999995231628","1.20000004768372","941","Incidence",78541923,"Non-Hodgkin Lymphoma","2005-04-01 00:00:00",300
"0-14","0.5","0.600000023841858","0.5","318","Mortality",60519046,"Other","2005-04-01 00:00:00",301
"0-19","0.5","0.600000023841858","0.5","438","Mortality",82005260,"Other","2005-04-01 00:00:00",302
"0-14","3.20000004768372","3.5","3.40000009536743","1987","Incidence",57973098,"Other","2005-04-01 00:00:00",303
"0-19","4.59999990463257","4.90000009536743","4.80000019073486","3830","Incidence",78541923,"Other","2005-04-01 00:00:00",304
"0-14","0.100000001490116","0.200000002980232","0.100000001490116","83","Mortality",60519046,"Soft Tissue","2005-04-01 00:00:00",305
"0-19","0.200000002980232","0.200000002980232","0.200000002980232","163","Mortality",82005260,"Soft Tissue","2005-04-01 00:00:00",306
"0-14","0.899999976158142","1.10000002384186","1","570","Incidence",57973098,"Soft Tissue","2005-04-01 00:00:00",307
"0-19","1","1.10000002384186","1","815","Incidence",78541923,"Soft Tissue","2005-04-01 00:00:00",308
"0-14","0.200000002980232","0.300000011920929","0.300000011920929","174","Mortality",60516709,"Acute Lymphocytic","2006-04-01 00:00:00",309
"0-19","0.300000011920929","0.400000005960464","0.300000011920929","266","Mortality",82324418,"Acute Lymphocytic","2006-04-01 00:00:00",310
"0-14","3.70000004768372","4","3.90000009536743","2242","Incidence",57966135,"Acute Lymphocytic","2006-04-01 00:00:00",311
"0-19","3.20000004768372","3.40000009536743","3.29999995231628","2582","Incidence",78847112,"Acute Lymphocytic","2006-04-01 00:00:00",312
"0-14","0.200000002980232","0.200000002980232","0.200000002980232","124","Mortality",60516709,"Acute Myeloid","2006-04-01 00:00:00",313
"0-19","0.200000002980232","0.300000011920929","0.200000002980232","195","Mortality",82324418,"Acute Myeloid","2006-04-01 00:00:00",314
"0-14","0.600000023841858","0.800000011920929","0.699999988079071","400","Incidence",57966135,"Acute Myeloid","2006-04-01 00:00:00",315
"0-19","0.699999988079071","0.800000011920929","0.699999988079071","567","Incidence",78847112,"Acute Myeloid","2006-04-01 00:00:00",316
"0-14","2.09999990463257","2.40000009536743","2.20000004768372","1360","Mortality",60516709,"All Cancer Sites Combined","2006-04-01 00:00:00",317
"0-19","2.40000009536743","2.59999990463257","2.5","2035","Mortality",82324418,"All Cancer Sites Combined","2006-04-01 00:00:00",318
"0-14","15.3999996185303","16.1000003814697","15.8000001907349","9188","Incidence",57966135,"All Cancer Sites Combined","2006-04-01 00:00:00",319
"0-19","16.7999992370605","17.3999996185303","17.1000003814697","13618","Incidence",78847112,"All Cancer Sites Combined","2006-04-01 00:00:00",320
"0-14","0.100000001490116","0.100000001490116","0.100000001490116","59","Mortality",60516709,"Bones and Joints","2006-04-01 00:00:00",321
"0-19","0.200000002980232","0.200000002980232","0.200000002980232","174","Mortality",82324418,"Bones and Joints","2006-04-01 00:00:00",322
"0-14","0.699999988079071","0.800000011920929","0.699999988079071","429","Incidence",57966135,"Bones and Joints","2006-04-01 00:00:00",323
"0-19","0.899999976158142","1","1","765","Incidence",78847112,"Bones and Joints","2006-04-01 00:00:00",324
"0-14","0.600000023841858","0.800000011920929","0.699999988079071","422","Mortality",60516709,"Brain and Other Nervous System","2006-04-01 00:00:00",325
"0-19","0.600000023841858","0.699999988079071","0.600000023841858","524","Mortality",82324418,"Brain and Other Nervous System","2006-04-01 00:00:00",326
"0-14","3.29999995231628","3.59999990463257","3.5","2009","Incidence",57966135,"Brain and Other Nervous System","2006-04-01 00:00:00",327
"0-19","3","3.29999995231628","3.20000004768372","2490","Incidence",78847112,"Brain and Other Nervous System","2006-04-01 00:00:00",328
"0-14","null","null","null","null","Mortality",60516709,"Hodgkin Lymphoma","2006-04-01 00:00:00",329
"0-19","0","0","0","23","Mortality",82324418,"Hodgkin Lymphoma","2006-04-01 00:00:00",330
"0-14","0.5","0.699999988079071","0.600000023841858","353","Incidence",57966135,"Hodgkin Lymphoma","2006-04-01 00:00:00",331
"0-19","1.20000004768372","1.29999995231628","1.20000004768372","1004","Incidence",78847112,"Hodgkin Lymphoma","2006-04-01 00:00:00",332
"0-14","0.100000001490116","0.100000001490116","0.100000001490116","43","Mortality",60516709,"Kidney and Renal Pelvis","2006-04-01 00:00:00",333
"0-19","0.100000001490116","0.100000001490116","0.100000001490116","54","Mortality",82324418,"Kidney and Renal Pelvis","2006-04-01 00:00:00",334
"0-14","0.800000011920929","0.899999976158142","0.899999976158142","502","Incidence",57966135,"Kidney and Renal Pelvis","2006-04-01 00:00:00",335
"0-19","0.600000023841858","0.800000011920929","0.699999988079071","549","Incidence",78847112,"Kidney and Renal Pelvis","2006-04-01 00:00:00",336
"0-14","0.600000023841858","0.699999988079071","0.699999988079071","411","Mortality",60516709,"Leukemia","2006-04-01 00:00:00",337
"0-19","0.699999988079071","0.800000011920929","0.699999988079071","618","Mortality",82324418,"Leukemia","2006-04-01 00:00:00",338
"0-14","4.69999980926514","5.09999990463257","4.90000009536743","2867","Incidence",57966135,"Leukemia","2006-04-01 00:00:00",339
"0-19","4.30000019073486","4.59999990463257","4.40000009536743","3485","Incidence",78847112,"Leukemia","2006-04-01 00:00:00",340
"0-14","0.100000001490116","0.100000001490116","0.100000001490116","44","Mortality",60516709,"Non-Hodgkin Lymphoma","2006-04-01 00:00:00",341
"0-19","0.100000001490116","0.100000001490116","0.100000001490116","89","Mortality",82324418,"Non-Hodgkin Lymphoma","2006-04-01 00:00:00",342
"0-14","0.800000011920929","1","0.899999976158142","536","Incidence",57966135,"Non-Hodgkin Lymphoma","2006-04-01 00:00:00",343
"0-19","1.10000002384186","1.20000004768372","1.10000002384186","902","Incidence",78847112,"Non-Hodgkin Lymphoma","2006-04-01 00:00:00",344
"0-14","0.400000005960464","0.5","0.5","296","Mortality",60516709,"Other","2006-04-01 00:00:00",345
"0-19","0.5","0.600000023841858","0.5","413","Mortality",82324418,"Other","2006-04-01 00:00:00",346
"0-14","3.09999990463257","3.40000009536743","3.29999995231628","1932","Incidence",57966135,"Other","2006-04-01 00:00:00",347
"0-19","4.40000009536743","4.69999980926514","4.5","3646","Incidence",78847112,"Other","2006-04-01 00:00:00",348
"0-14","0.100000001490116","0.200000002980232","0.100000001490116","80","Mortality",60516709,"Soft Tissue","2006-04-01 00:00:00",349
"0-19","0.100000001490116","0.200000002980232","0.200000002980232","140","Mortality",82324418,"Soft Tissue","2006-04-01 00:00:00",350
"0-14","0.899999976158142","1","1","560","Incidence",57966135,"Soft Tissue","2006-04-01 00:00:00",351
"0-19","0.899999976158142","1","1","777","Incidence",78847112,"Soft Tissue","2006-04-01 00:00:00",352
"0-14","0.300000011920929","0.400000005960464","0.400000005960464","212","Mortality",60681615,"Acute Lymphocytic","2007-04-01 00:00:00",397
"0-19","0.300000011920929","0.400000005960464","0.400000005960464","294","Mortality",82749431,"Acute Lymphocytic","2007-04-01 00:00:00",398
"0-14","3.79999995231628","4.09999990463257","4","2375","Incidence",59628198,"Acute Lymphocytic","2007-04-01 00:00:00",399
"0-19","3.29999995231628","3.5","3.40000009536743","2743","Incidence",81315506,"Acute Lymphocytic","2007-04-01 00:00:00",400
"0-14","0.200000002980232","0.300000011920929","0.200000002980232","129","Mortality",60681615,"Acute Myeloid","2007-04-01 00:00:00",401
"0-19","0.200000002980232","0.300000011920929","0.200000002980232","195","Mortality",82749431,"Acute Myeloid","2007-04-01 00:00:00",402
"0-14","0.600000023841858","0.699999988079071","0.699999988079071","403","Incidence",59628198,"Acute Myeloid","2007-04-01 00:00:00",403
"0-19","0.600000023841858","0.800000011920929","0.699999988079071","571","Incidence",81315506,"Acute Myeloid","2007-04-01 00:00:00",404
"0-14","2.20000004768372","2.40000009536743","2.29999995231628","1395","Mortality",60681615,"All Cancer Sites Combined","2007-04-01 00:00:00",405
"0-19","2.40000009536743","2.59999990463257","2.5","2068","Mortality",82749431,"All Cancer Sites Combined","2007-04-01 00:00:00",406
"0-14","15.6999998092651","16.3999996185303","16","9632","Incidence",59628198,"All Cancer Sites Combined","2007-04-01 00:00:00",407
"0-19","17.2000007629395","17.7999992370605","17.5","14342","Incidence",81315506,"All Cancer Sites Combined","2007-04-01 00:00:00",408
"0-14","0.100000001490116","0.100000001490116","0.100000001490116","61","Mortality",60681615,"Bones and Joints","2007-04-01 00:00:00",409
"0-19","0.200000002980232","0.200000002980232","0.200000002980232","172","Mortality",82749431,"Bones and Joints","2007-04-01 00:00:00",410
"0-14","0.600000023841858","0.800000011920929","0.699999988079071","418","Incidence",59628198,"Bones and Joints","2007-04-01 00:00:00",411
"0-19","0.800000011920929","1","0.899999976158142","730","Incidence",81315506,"Bones and Joints","2007-04-01 00:00:00",412
"0-14","0.600000023841858","0.800000011920929","0.699999988079071","426","Mortality",60681615,"Brain and Other Nervous System","2007-04-01 00:00:00",413
"0-19","0.600000023841858","0.699999988079071","0.600000023841858","521","Mortality",82749431,"Brain and Other Nervous System","2007-04-01 00:00:00",414
"0-14","3.40000009536743","3.70000004768372","3.59999990463257","2131","Incidence",59628198,"Brain and Other Nervous System","2007-04-01 00:00:00",415
"0-19","3.09999990463257","3.40000009536743","3.20000004768372","2613","Incidence",81315506,"Brain and Other Nervous System","2007-04-01 00:00:00",416
"0-14","null","null","null","null","Mortality",60681615,"Hodgkin Lymphoma","2007-04-01 00:00:00",417
"0-19","0","0","0","19","Mortality",82749431,"Hodgkin Lymphoma","2007-04-01 00:00:00",418
"0-14","0.5","0.600000023841858","0.5","323","Incidence",59628198,"Hodgkin Lymphoma","2007-04-01 00:00:00",419
"0-19","1.10000002384186","1.29999995231628","1.20000004768372","1010","Incidence",81315506,"Hodgkin Lymphoma","2007-04-01 00:00:00",420
"0-14","0","0.100000001490116","0.100000001490116","36","Mortality",60681615,"Kidney and Renal Pelvis","2007-04-01 00:00:00",421
"0-19","0","0.100000001490116","0.100000001490116","47","Mortality",82749431,"Kidney and Renal Pelvis","2007-04-01 00:00:00",422
"0-14","0.800000011920929","1","0.899999976158142","529","Incidence",59628198,"Kidney and Renal Pelvis","2007-04-01 00:00:00",423
"0-19","0.600000023841858","0.800000011920929","0.699999988079071","572","Incidence",81315506,"Kidney and Renal Pelvis","2007-04-01 00:00:00",424
"0-14","0.699999988079071","0.800000011920929","0.699999988079071","441","Mortality",60681615,"Leukemia","2007-04-01 00:00:00",425
"0-19","0.699999988079071","0.800000011920929","0.800000011920929","643","Mortality",82749431,"Leukemia","2007-04-01 00:00:00",426
"0-14","4.80000019073486","5.19999980926514","5","3003","Incidence",59628198,"Leukemia","2007-04-01 00:00:00",427
"0-19","4.30000019073486","4.59999990463257","4.5","3644","Incidence",81315506,"Leukemia","2007-04-01 00:00:00",428
"0-14","0","0.100000001490116","0.100000001490116","40","Mortality",60681615,"Non-Hodgkin Lymphoma","2007-04-01 00:00:00",429
"0-19","0.100000001490116","0.100000001490116","0.100000001490116","87","Mortality",82749431,"Non-Hodgkin Lymphoma","2007-04-01 00:00:00",430
"0-14","0.899999976158142","1.10000002384186","1","579","Incidence",59628198,"Non-Hodgkin Lymphoma","2007-04-01 00:00:00",431
"0-19","1.10000002384186","1.20000004768372","1.20000004768372","947","Incidence",81315506,"Non-Hodgkin Lymphoma","2007-04-01 00:00:00",432
"0-14","0.400000005960464","0.600000023841858","0.5","306","Mortality",60681615,"Other","2007-04-01 00:00:00",433
"0-19","0.5","0.600000023841858","0.5","439","Mortality",82749431,"Other","2007-04-01 00:00:00",434
"0-14","3.20000004768372","3.5","3.29999995231628","2020","Incidence",59628198,"Other","2007-04-01 00:00:00",435
"0-19","4.59999990463257","4.90000009536743","4.69999980926514","3938","Incidence",81315506,"Other","2007-04-01 00:00:00",436
"0-14","0.100000001490116","0.200000002980232","0.100000001490116","82","Mortality",60681615,"Soft Tissue","2007-04-01 00:00:00",437
"0-19","0.100000001490116","0.200000002980232","0.200000002980232","140","Mortality",82749431,"Soft Tissue","2007-04-01 00:00:00",438
"0-14","1","1.10000002384186","1","629","Incidence",59628198,"Soft Tissue","2007-04-01 00:00:00",439
"0-19","1","1.20000004768372","1.10000002384186","888","Incidence",81315506,"Soft Tissue","2007-04-01 00:00:00",440
"0-14","0.200000002980232","0.300000011920929","0.300000011920929","176","Mortality",60907384,"Acute Lymphocytic","2008-04-01 00:00:00",441
"0-19","0.300000011920929","0.300000011920929","0.300000011920929","253","Mortality",83118264,"Acute Lymphocytic","2008-04-01 00:00:00",442
"0-14","3.90000009536743","4.19999980926514","4","2438","Incidence",59850043,"Acute Lymphocytic","2008-04-01 00:00:00",443
"0-19","3.29999995231628","3.59999990463257","3.40000009536743","2799","Incidence",81683260,"Acute Lymphocytic","2008-04-01 00:00:00",444
"0-14","0.200000002980232","0.200000002980232","0.200000002980232","127","Mortality",60907384,"Acute Myeloid","2008-04-01 00:00:00",445
"0-19","0.200000002980232","0.300000011920929","0.200000002980232","183","Mortality",83118264,"Acute Myeloid","2008-04-01 00:00:00",446
"0-14","0.600000023841858","0.800000011920929","0.699999988079071","429","Incidence",59850043,"Acute Myeloid","2008-04-01 00:00:00",447
"0-19","0.699999988079071","0.800000011920929","0.699999988079071","611","Incidence",81683260,"Acute Myeloid","2008-04-01 00:00:00",448
"0-14","2.09999990463257","2.29999995231628","2.20000004768372","1354","Mortality",60907384,"All Cancer Sites Combined","2008-04-01 00:00:00",449
"0-19","2.29999995231628","2.5","2.40000009536743","2039","Mortality",83118264,"All Cancer Sites Combined","2008-04-01 00:00:00",450
"0-14","15.8999996185303","16.5","16.2000007629395","9774","Incidence",59850043,"All Cancer Sites Combined","2008-04-01 00:00:00",451
"0-19","17.2999992370605","17.8999996185303","17.6000003814697","14511","Incidence",81683260,"All Cancer Sites Combined","2008-04-01 00:00:00",452
"0-14","0.100000001490116","0.100000001490116","0.100000001490116","62","Mortality",60907384,"Bones and Joints","2008-04-01 00:00:00",453
"0-19","0.200000002980232","0.200000002980232","0.200000002980232","182","Mortality",83118264,"Bones and Joints","2008-04-01 00:00:00",454
"0-14","0.600000023841858","0.800000011920929","0.699999988079071","419","Incidence",59850043,"Bones and Joints","2008-04-01 00:00:00",455
"0-19","0.800000011920929","1","0.899999976158142","730","Incidence",81683260,"Bones and Joints","2008-04-01 00:00:00",456
"0-14","0.600000023841858","0.800000011920929","0.699999988079071","429","Mortality",60907384,"Brain and Other Nervous System","2008-04-01 00:00:00",457
"0-19","0.600000023841858","0.699999988079071","0.600000023841858","533","Mortality",83118264,"Brain and Other Nervous System","2008-04-01 00:00:00",458
"0-14","3.40000009536743","3.70000004768372","3.5","2112","Incidence",59850043,"Brain and Other Nervous System","2008-04-01 00:00:00",459
"0-19","3.09999990463257","3.29999995231628","3.20000004768372","2610","Incidence",81683260,"Brain and Other Nervous System","2008-04-01 00:00:00",460
"0-14","null","null","null","null","Mortality",60907384,"Hodgkin Lymphoma","2008-04-01 00:00:00",461
"0-19","null","null","null","null","Mortality",83118264,"Hodgkin Lymphoma","2008-04-01 00:00:00",462
"0-14","0.600000023841858","0.699999988079071","0.600000023841858","372","Incidence",59850043,"Hodgkin Lymphoma","2008-04-01 00:00:00",463
"0-19","1.20000004768372","1.39999997615814","1.29999995231628","1081","Incidence",81683260,"Hodgkin Lymphoma","2008-04-01 00:00:00",464
"0-14","0.100000001490116","0.100000001490116","0.100000001490116","46","Mortality",60907384,"Kidney and Renal Pelvis","2008-04-01 00:00:00",465
"0-19","0","0.100000001490116","0.100000001490116","52","Mortality",83118264,"Kidney and Renal Pelvis","2008-04-01 00:00:00",466
"0-14","0.800000011920929","1","0.899999976158142","551","Incidence",59850043,"Kidney and Renal Pelvis","2008-04-01 00:00:00",467
"0-19","0.699999988079071","0.800000011920929","0.699999988079071","600","Incidence",81683260,"Kidney and Renal Pelvis","2008-04-01 00:00:00",468
"0-14","0.600000023841858","0.699999988079071","0.699999988079071","402","Mortality",60907384,"Leukemia","2008-04-01 00:00:00",469
"0-19","0.699999988079071","0.800000011920929","0.699999988079071","598","Mortality",83118264,"Leukemia","2008-04-01 00:00:00",470
"0-14","4.90000009536743","5.30000019073486","5.09999990463257","3090","Incidence",59850043,"Leukemia","2008-04-01 00:00:00",471
"0-19","4.40000009536743","4.69999980926514","4.59999990463257","3728","Incidence",81683260,"Leukemia","2008-04-01 00:00:00",472
"0-14","0","0.100000001490116","0.100000001490116","39","Mortality",60907384,"Non-Hodgkin Lymphoma","2008-04-01 00:00:00",473
"0-19","0.100000001490116","0.100000001490116","0.100000001490116","93","Mortality",83118264,"Non-Hodgkin Lymphoma","2008-04-01 00:00:00",474
"0-14","0.899999976158142","1","1","570","Incidence",59850043,"Non-Hodgkin Lymphoma","2008-04-01 00:00:00",475
"0-19","1.10000002384186","1.20000004768372","1.10000002384186","946","Incidence",81683260,"Non-Hodgkin Lymphoma","2008-04-01 00:00:00",476
"0-14","0.400000005960464","0.5","0.5","286","Mortality",60907384,"Other","2008-04-01 00:00:00",477
"0-19","0.400000005960464","0.5","0.5","407","Mortality",83118264,"Other","2008-04-01 00:00:00",478
"0-14","3.20000004768372","3.5","3.29999995231628","2015","Incidence",59850043,"Other","2008-04-01 00:00:00",479
"0-19","4.5","4.80000019073486","4.69999980926514","3926","Incidence",81683260,"Other","2008-04-01 00:00:00",480
"0-14","0.100000001490116","0.200000002980232","0.100000001490116","89","Mortality",60907384,"Soft Tissue","2008-04-01 00:00:00",481
"0-19","0.200000002980232","0.200000002980232","0.200000002980232","160","Mortality",83118264,"Soft Tissue","2008-04-01 00:00:00",482
"0-14","1","1.10000002384186","1.10000002384186","645","Incidence",59850043,"Soft Tissue","2008-04-01 00:00:00",483
"0-19","1","1.20000004768372","1.10000002384186","890","Incidence",81683260,"Soft Tissue","2008-04-01 00:00:00",484
"0-14","0.200000002980232","0.300000011920929","0.300000011920929","174","Mortality",61087581,"Acute Lymphocytic","2009-04-01 00:00:00",485
"0-19","0.300000011920929","0.300000011920929","0.300000011920929","240","Mortality",83280391,"Acute Lymphocytic","2009-04-01 00:00:00",486
"0-14","3.90000009536743","4.19999980926514","4","2432","Incidence",60026780,"Acute Lymphocytic","2009-04-01 00:00:00",487
"0-19","3.29999995231628","3.5","3.40000009536743","2775","Incidence",81846618,"Acute Lymphocytic","2009-04-01 00:00:00",488
"0-14","0.200000002980232","0.200000002980232","0.200000002980232","119","Mortality",61087581,"Acute Myeloid","2009-04-01 00:00:00",489
"0-19","0.200000002980232","0.300000011920929","0.200000002980232","182","Mortality",83280391,"Acute Myeloid","2009-04-01 00:00:00",490
"0-14","0.600000023841858","0.699999988079071","0.699999988079071","398","Incidence",60026780,"Acute Myeloid","2009-04-01 00:00:00",491
"0-19","0.600000023841858","0.800000011920929","0.699999988079071","571","Incidence",81846618,"Acute Myeloid","2009-04-01 00:00:00",492
"0-14","2","2.29999995231628","2.20000004768372","1320","Mortality",61087581,"All Cancer Sites Combined","2009-04-01 00:00:00",493
"0-19","2.20000004768372","2.5","2.29999995231628","1964","Mortality",83280391,"All Cancer Sites Combined","2009-04-01 00:00:00",494
"0-14","15.6999998092651","16.2999992370605","16","9647","Incidence",60026780,"All Cancer Sites Combined","2009-04-01 00:00:00",495
"0-19","17.1000003814697","17.7000007629395","17.3999996185303","14339","Incidence",81846618,"All Cancer Sites Combined","2009-04-01 00:00:00",496
"0-14","0.100000001490116","0.200000002980232","0.100000001490116","77","Mortality",61087581,"Bones and Joints","2009-04-01 00:00:00",497
"0-19","0.200000002980232","0.200000002980232","0.200000002980232","179","Mortality",83280391,"Bones and Joints","2009-04-01 00:00:00",498
"0-14","0.600000023841858","0.800000011920929","0.699999988079071","414","Incidence",60026780,"Bones and Joints","2009-04-01 00:00:00",499
"0-19","0.800000011920929","1","0.899999976158142","730","Incidence",81846618,"Bones and Joints","2009-04-01 00:00:00",500
"0-14","0.600000023841858","0.699999988079071","0.699999988079071","402","Mortality",61087581,"Brain and Other Nervous System","2009-04-01 00:00:00",501
"0-19","0.600000023841858","0.699999988079071","0.600000023841858","522","Mortality",83280391,"Brain and Other Nervous System","2009-04-01 00:00:00",502
"0-14","3.29999995231628","3.59999990463257","3.5","2092","Incidence",60026780,"Brain and Other Nervous System","2009-04-01 00:00:00",503
"0-19","3","3.29999995231628","3.09999990463257","2557","Incidence",81846618,"Brain and Other Nervous System","2009-04-01 00:00:00",504
"0-14","null","null","null","null","Mortality",61087581,"Hodgkin Lymphoma","2009-04-01 00:00:00",505
"0-19","0","0","0","22","Mortality",83280391,"Hodgkin Lymphoma","2009-04-01 00:00:00",506
"0-14","0.5","0.600000023841858","0.600000023841858","336","Incidence",60026780,"Hodgkin Lymphoma","2009-04-01 00:00:00",507
"0-19","1.20000004768372","1.29999995231628","1.20000004768372","1041","Incidence",81846618,"Hodgkin Lymphoma","2009-04-01 00:00:00",508
"0-14","0","0.100000001490116","0.100000001490116","38","Mortality",61087581,"Kidney and Renal Pelvis","2009-04-01 00:00:00",509
"0-19","0","0.100000001490116","0.100000001490116","45","Mortality",83280391,"Kidney and Renal Pelvis","2009-04-01 00:00:00",510
"0-14","0.899999976158142","1","0.899999976158142","574","Incidence",60026780,"Kidney and Renal Pelvis","2009-04-01 00:00:00",511
"0-19","0.699999988079071","0.800000011920929","0.800000011920929","616","Incidence",81846618,"Kidney and Renal Pelvis","2009-04-01 00:00:00",512
"0-14","0.600000023841858","0.699999988079071","0.600000023841858","389","Mortality",61087581,"Leukemia","2009-04-01 00:00:00",513
"0-19","0.600000023841858","0.699999988079071","0.699999988079071","561","Mortality",83280391,"Leukemia","2009-04-01 00:00:00",514
"0-14","4.80000019073486","5.19999980926514","5","3029","Incidence",60026780,"Leukemia","2009-04-01 00:00:00",515
"0-19","4.30000019073486","4.59999990463257","4.40000009536743","3632","Incidence",81846618,"Leukemia","2009-04-01 00:00:00",516
"0-14","0","0.100000001490116","0.100000001490116","38","Mortality",61087581,"Non-Hodgkin Lymphoma","2009-04-01 00:00:00",517
"0-19","0.100000001490116","0.100000001490116","0.100000001490116","75","Mortality",83280391,"Non-Hodgkin Lymphoma","2009-04-01 00:00:00",518
"0-14","0.899999976158142","1","0.899999976158142","559","Incidence",60026780,"Non-Hodgkin Lymphoma","2009-04-01 00:00:00",519
"0-19","1","1.20000004768372","1.10000002384186","921","Incidence",81846618,"Non-Hodgkin Lymphoma","2009-04-01 00:00:00",520
"0-14","0.400000005960464","0.5","0.400000005960464","271","Mortality",61087581,"Other","2009-04-01 00:00:00",521
"0-19","0.400000005960464","0.5","0.5","396","Mortality",83280391,"Other","2009-04-01 00:00:00",522
"0-14","3.20000004768372","3.5","3.29999995231628","2021","Incidence",60026780,"Other","2009-04-01 00:00:00",523
"0-19","4.59999990463257","4.90000009536743","4.69999980926514","3962","Incidence",81846618,"Other","2009-04-01 00:00:00",524
"0-14","0.100000001490116","0.200000002980232","0.200000002980232","98","Mortality",61087581,"Soft Tissue","2009-04-01 00:00:00",525
"0-19","0.200000002980232","0.200000002980232","0.200000002980232","164","Mortality",83280391,"Soft Tissue","2009-04-01 00:00:00",526
"0-14","0.899999976158142","1.10000002384186","1","622","Incidence",60026780,"Soft Tissue","2009-04-01 00:00:00",527
"0-19","1","1.10000002384186","1.10000002384186","880","Incidence",81846618,"Soft Tissue","2009-04-01 00:00:00",528
"0-14","0.200000002980232","0.300000011920929","0.300000011920929","164","Mortality",61205447,"Acute Lymphocytic","2010-04-01 00:00:00",529
"0-19","0.200000002980232","0.300000011920929","0.300000011920929","230","Mortality",83185588,"Acute Lymphocytic","2010-04-01 00:00:00",530
"0-14","3.79999995231628","4.19999980926514","4","2396","Incidence",59550980,"Acute Lymphocytic","2010-04-01 00:00:00",531
"0-19","3.20000004768372","3.5","3.40000009536743","2709","Incidence",80961146,"Acute Lymphocytic","2010-04-01 00:00:00",532
"0-14","0.200000002980232","0.300000011920929","0.200000002980232","131","Mortality",61205447,"Acute Myeloid","2010-04-01 00:00:00",533
"0-19","0.200000002980232","0.300000011920929","0.200000002980232","198","Mortality",83185588,"Acute Myeloid","2010-04-01 00:00:00",534
"0-14","0.600000023841858","0.699999988079071","0.699999988079071","393","Incidence",59550980,"Acute Myeloid","2010-04-01 00:00:00",535
"0-19","0.699999988079071","0.800000011920929","0.699999988079071","583","Incidence",80961146,"Acute Myeloid","2010-04-01 00:00:00",536
"0-14","2","2.29999995231628","2.20000004768372","1324","Mortality",61205447,"All Cancer Sites Combined","2010-04-01 00:00:00",537
"0-19","2.20000004768372","2.40000009536743","2.29999995231628","1925","Mortality",83185588,"All Cancer Sites Combined","2010-04-01 00:00:00",538
"0-14","16.1000003814697","16.7000007629395","16.3999996185303","9814","Incidence",59550980,"All Cancer Sites Combined","2010-04-01 00:00:00",539
"0-19","17.2000007629395","17.7999992370605","17.5","14276","Incidence",80961146,"All Cancer Sites Combined","2010-04-01 00:00:00",540
"0-14","0.100000001490116","0.200000002980232","0.100000001490116","75","Mortality",61205447,"Bones and Joints","2010-04-01 00:00:00",541
"0-19","0.200000002980232","0.200000002980232","0.200000002980232","166","Mortality",83185588,"Bones and Joints","2010-04-01 00:00:00",542
"0-14","0.600000023841858","0.699999988079071","0.699999988079071","395","Incidence",59550980,"Bones and Joints","2010-04-01 00:00:00",543
"0-19","0.800000011920929","0.899999976158142","0.800000011920929","676","Incidence",80961146,"Bones and Joints","2010-04-01 00:00:00",544
"0-14","0.600000023841858","0.699999988079071","0.699999988079071","410","Mortality",61205447,"Brain and Other Nervous System","2010-04-01 00:00:00",545
"0-19","0.600000023841858","0.699999988079071","0.600000023841858","498","Mortality",83185588,"Brain and Other Nervous System","2010-04-01 00:00:00",546
"0-14","3.29999995231628","3.59999990463257","3.5","2071","Incidence",59550980,"Brain and Other Nervous System","2010-04-01 00:00:00",547
"0-19","3","3.20000004768372","3.09999990463257","2503","Incidence",80961146,"Brain and Other Nervous System","2010-04-01 00:00:00",548
"0-14","null","null","null","null","Mortality",61205447,"Hodgkin Lymphoma","2010-04-01 00:00:00",549
"0-19","null","null","null","null","Mortality",83185588,"Hodgkin Lymphoma","2010-04-01 00:00:00",550
"0-14","0.5","0.600000023841858","0.5","314","Incidence",59550980,"Hodgkin Lymphoma","2010-04-01 00:00:00",551
"0-19","1.10000002384186","1.29999995231628","1.20000004768372","983","Incidence",80961146,"Hodgkin Lymphoma","2010-04-01 00:00:00",552
"0-14","0.100000001490116","0.100000001490116","0.100000001490116","46","Mortality",61205447,"Kidney and Renal Pelvis","2010-04-01 00:00:00",553
"0-19","0.100000001490116","0.100000001490116","0.100000001490116","56","Mortality",83185588,"Kidney and Renal Pelvis","2010-04-01 00:00:00",554
"0-14","0.800000011920929","0.899999976158142","0.899999976158142","520","Incidence",59550980,"Kidney and Renal Pelvis","2010-04-01 00:00:00",555
"0-19","0.600000023841858","0.699999988079071","0.699999988079071","552","Incidence",80961146,"Kidney and Renal Pelvis","2010-04-01 00:00:00",556
"0-14","0.600000023841858","0.699999988079071","0.600000023841858","390","Mortality",61205447,"Leukemia","2010-04-01 00:00:00",557
"0-19","0.600000023841858","0.699999988079071","0.699999988079071","553","Mortality",83185588,"Leukemia","2010-04-01 00:00:00",558
"0-14","4.80000019073486","5.19999980926514","5","3005","Incidence",59550980,"Leukemia","2010-04-01 00:00:00",559
"0-19","4.30000019073486","4.59999990463257","4.5","3609","Incidence",80961146,"Leukemia","2010-04-01 00:00:00",560
"0-14","0","0.100000001490116","0.100000001490116","35","Mortality",61205447,"Non-Hodgkin Lymphoma","2010-04-01 00:00:00",561
"0-19","0.100000001490116","0.100000001490116","0.100000001490116","75","Mortality",83185588,"Non-Hodgkin Lymphoma","2010-04-01 00:00:00",562
"0-14","0.899999976158142","1","1","569","Incidence",59550980,"Non-Hodgkin Lymphoma","2010-04-01 00:00:00",563
"0-19","1","1.20000004768372","1.10000002384186","909","Incidence",80961146,"Non-Hodgkin Lymphoma","2010-04-01 00:00:00",564
"0-14","0.400000005960464","0.5","0.5","286","Mortality",61205447,"Other","2010-04-01 00:00:00",565
"0-19","0.5","0.600000023841858","0.5","419","Mortality",83185588,"Other","2010-04-01 00:00:00",566
"0-14","0.300000011920929","0.400000005960464","0.300000011920929","194","Mortality",59955368,"Acute Lymphocytic","1999-04-01 00:00:00",1
"0-19","0.300000011920929","0.400000005960464","0.400000005960464","285","Mortality",80039970,"Acute Lymphocytic","1999-04-01 00:00:00",2
"0-14","3.5","3.79999995231628","3.70000004768372","1898","Incidence",51965300,"Acute Lymphocytic","1999-04-01 00:00:00",3
"0-19","3","3.20000004768372","3.09999990463257","2142","Incidence",69321240,"Acute Lymphocytic","1999-04-01 00:00:00",4
"0-14","0.200000002980232","0.300000011920929","0.200000002980232","141","Mortality",59955368,"Acute Myeloid","1999-04-01 00:00:00",5
"0-19","0.200000002980232","0.300000011920929","0.300000011920929","207","Mortality",80039970,"Acute Myeloid","1999-04-01 00:00:00",6
"0-14","0.600000023841858","0.800000011920929","0.699999988079071","362","Incidence",51965300,"Acute Myeloid","1999-04-01 00:00:00",7
"0-19","0.699999988079071","0.800000011920929","0.699999988079071","514","Incidence",69321240,"Acute Myeloid","1999-04-01 00:00:00",8
"0-14","2.40000009536743","2.59999990463257","2.5","1498","Mortality",59955368,"All Cancer Sites Combined","1999-04-01 00:00:00",9
"0-19","2.70000004768372","2.90000009536743","2.79999995231628","2243","Mortality",80039970,"All Cancer Sites Combined","1999-04-01 00:00:00",10
"0-14","14.3999996185303","15.1000003814697","14.8000001907349","7648","Incidence",51965300,"All Cancer Sites Combined","1999-04-01 00:00:00",11
"0-19","15.8000001907349","16.3999996185303","16.1000003814697","11112","Incidence",69321240,"All Cancer Sites Combined","1999-04-01 00:00:00",12
"0-14","0.100000001490116","0.200000002980232","0.100000001490116","82","Mortality",59955368,"Bones and Joints","1999-04-01 00:00:00",13
"0-19","0.200000002980232","0.300000011920929","0.300000011920929","209","Mortality",80039970,"Bones and Joints","1999-04-01 00:00:00",14
"0-14","0.699999988079071","0.800000011920929","0.800000011920929","391","Incidence",51965300,"Bones and Joints","1999-04-01 00:00:00",15
"0-19","0.800000011920929","1","0.899999976158142","635","Incidence",69321240,"Bones and Joints","1999-04-01 00:00:00",16
"0-14","0.699999988079071","0.800000011920929","0.699999988079071","431","Mortality",59955368,"Brain and Other Nervous System","1999-04-01 00:00:00",17
"0-19","0.600000023841858","0.699999988079071","0.699999988079071","546","Mortality",80039970,"Brain and Other Nervous System","1999-04-01 00:00:00",18
"0-14","3.09999990463257","3.40000009536743","3.29999995231628","1701","Incidence",51965300,"Brain and Other Nervous System","1999-04-01 00:00:00",19
"0-19","2.79999995231628","3.09999990463257","3","2054","Incidence",69321240,"Brain and Other Nervous System","1999-04-01 00:00:00",20
"0-14","null","null","null","null","Mortality",59955368,"Hodgkin Lymphoma","1999-04-01 00:00:00",21
"0-19","0","0.100000001490116","0.100000001490116","41","Mortality",80039970,"Hodgkin Lymphoma","1999-04-01 00:00:00",22
"0-14","0.5","0.600000023841858","0.5","279","Incidence",51965300,"Hodgkin Lymphoma","1999-04-01 00:00:00",23
"0-19","1.10000002384186","1.29999995231628","1.20000004768372","821","Incidence",69321240,"Hodgkin Lymphoma","1999-04-01 00:00:00",24
"0-14","0.100000001490116","0.100000001490116","0.100000001490116","54","Mortality",59955368,"Kidney and Renal Pelvis","1999-04-01 00:00:00",25
"0-19","0.100000001490116","0.100000001490116","0.100000001490116","62","Mortality",80039970,"Kidney and Renal Pelvis","1999-04-01 00:00:00",26
"0-14","0.800000011920929","0.899999976158142","0.800000011920929","431","Incidence",51965300,"Kidney and Renal Pelvis","1999-04-01 00:00:00",27
"0-19","0.600000023841858","0.699999988079071","0.699999988079071","457","Incidence",69321240,"Kidney and Renal Pelvis","1999-04-01 00:00:00",28
"0-14","0.699999988079071","0.800000011920929","0.800000011920929","451","Mortality",59955368,"Leukemia","1999-04-01 00:00:00",29
"0-19","0.800000011920929","0.899999976158142","0.800000011920929","672","Mortality",80039970,"Leukemia","1999-04-01 00:00:00",30
"0-14","4.5","4.90000009536743","4.69999980926514","2427","Incidence",51965300,"Leukemia","1999-04-01 00:00:00",31
"0-19","4","4.30000019073486","4.19999980926514","2896","Incidence",69321240,"Leukemia","1999-04-01 00:00:00",32
"0-14","0.100000001490116","0.100000001490116","0.100000001490116","55","Mortality",59955368,"Non-Hodgkin Lymphoma","1999-04-01 00:00:00",33
"0-19","0.100000001490116","0.200000002980232","0.100000001490116","106","Mortality",80039970,"Non-Hodgkin Lymphoma","1999-04-01 00:00:00",34
"0-14","0.800000011920929","1","0.899999976158142","470","Incidence",51965300,"Non-Hodgkin Lymphoma","1999-04-01 00:00:00",35
"0-19","1","1.20000004768372","1.10000002384186","747","Incidence",69321240,"Non-Hodgkin Lymphoma","1999-04-01 00:00:00",36
"0-14","0.5","0.600000023841858","0.5","328","Mortality",59955368,"Other","1999-04-01 00:00:00",37
"0-19","0.5","0.600000023841858","0.600000023841858","455","Mortality",80039970,"Other","1999-04-01 00:00:00",38
"0-14","2.79999995231628","3.09999990463257","2.90000009536743","1506","Incidence",51965300,"Other","1999-04-01 00:00:00",39
"0-19","4","4.30000019073486","4.19999980926514","2892","Incidence",69321240,"Other","1999-04-01 00:00:00",40
"0-14","0.100000001490116","0.200000002980232","0.100000001490116","87","Mortality",59955368,"Soft Tissue","1999-04-01 00:00:00",41
"0-19","0.200000002980232","0.200000002980232","0.200000002980232","152","Mortality",80039970,"Soft Tissue","1999-04-01 00:00:00",42
"0-14","0.800000011920929","0.899999976158142","0.899999976158142","443","Incidence",51965300,"Soft Tissue","1999-04-01 00:00:00",43
"0-19","0.800000011920929","1","0.899999976158142","610","Incidence",69321240,"Soft Tissue","1999-04-01 00:00:00",44
"0-14","0.300000011920929","0.400000005960464","0.400000005960464","234","Mortality",60279841,"Acute Lymphocytic","2000-04-01 00:00:00",45
"0-19","0.400000005960464","0.5","0.400000005960464","332","Mortality",80574796,"Acute Lymphocytic","2000-04-01 00:00:00",46
"0-14","3.5","3.79999995231628","3.70000004768372","1953","Incidence",53577590,"Acute Lymphocytic","2000-04-01 00:00:00",47
"0-19","3","3.29999995231628","3.09999990463257","2242","Incidence",71576680,"Acute Lymphocytic","2000-04-01 00:00:00",48
"0-14","0.200000002980232","0.300000011920929","0.200000002980232","145","Mortality",60279841,"Acute Myeloid","2000-04-01 00:00:00",49
"0-19","0.200000002980232","0.300000011920929","0.300000011920929","222","Mortality",80574796,"Acute Myeloid","2000-04-01 00:00:00",50
"0-14","0.5","0.699999988079071","0.600000023841858","320","Incidence",53577590,"Acute Myeloid","2000-04-01 00:00:00",51
"0-19","0.600000023841858","0.699999988079071","0.699999988079071","470","Incidence",71576680,"Acute Myeloid","2000-04-01 00:00:00",52
"0-14","2.40000009536743","2.70000004768372","2.5","1526","Mortality",60279841,"All Cancer Sites Combined","2000-04-01 00:00:00",53
"0-19","2.70000004768372","2.90000009536743","2.79999995231628","2271","Mortality",80574796,"All Cancer Sites Combined","2000-04-01 00:00:00",54
"0-14","14.6000003814697","15.3000001907349","15","7992","Incidence",53577590,"All Cancer Sites Combined","2000-04-01 00:00:00",55
"0-19","16.1000003814697","16.7000007629395","16.3999996185303","11704","Incidence",71576680,"All Cancer Sites Combined","2000-04-01 00:00:00",56
"0-14","0.100000001490116","0.200000002980232","0.100000001490116","83","Mortality",60279841,"Bones and Joints","2000-04-01 00:00:00",57
"0-19","0.200000002980232","0.300000011920929","0.200000002980232","181","Mortality",80574796,"Bones and Joints","2000-04-01 00:00:00",58
"0-14","0.600000023841858","0.800000011920929","0.699999988079071","369","Incidence",53577590,"Bones and Joints","2000-04-01 00:00:00",59
"0-19","0.800000011920929","0.899999976158142","0.899999976158142","623","Incidence",71576680,"Bones and Joints","2000-04-01 00:00:00",60
"0-14","0.699999988079071","0.800000011920929","0.699999988079071","440","Mortality",60279841,"Brain and Other Nervous System","2000-04-01 00:00:00",61
"0-19","0.600000023841858","0.699999988079071","0.699999988079071","545","Mortality",80574796,"Brain and Other Nervous System","2000-04-01 00:00:00",62
"0-14","3.20000004768372","3.59999990463257","3.40000009536743","1821","Incidence",53577590,"Brain and Other Nervous System","2000-04-01 00:00:00",63
"0-19","3","3.20000004768372","3.09999990463257","2220","Incidence",71576680,"Brain and Other Nervous System","2000-04-01 00:00:00",64
"0-14","null","null","null","null","Mortality",60279841,"Hodgkin Lymphoma","2000-04-01 00:00:00",65
"0-19","0","0.100000001490116","0","29","Mortality",80574796,"Hodgkin Lymphoma","2000-04-01 00:00:00",66
"0-14","0.5","0.699999988079071","0.600000023841858","320","Incidence",53577590,"Hodgkin Lymphoma","2000-04-01 00:00:00",67
"0-19","1.20000004768372","1.29999995231628","1.20000004768372","886","Incidence",71576680,"Hodgkin Lymphoma","2000-04-01 00:00:00",68
"0-14","0.100000001490116","0.100000001490116","0.100000001490116","46","Mortality",60279841,"Kidney and Renal Pelvis","2000-04-01 00:00:00",69
"0-19","0.100000001490116","0.100000001490116","0.100000001490116","54","Mortality",80574796,"Kidney and Renal Pelvis","2000-04-01 00:00:00",70
"0-14","0.800000011920929","1","0.899999976158142","476","Incidence",53577590,"Kidney and Renal Pelvis","2000-04-01 00:00:00",71
"0-19","0.600000023841858","0.800000011920929","0.699999988079071","500","Incidence",71576680,"Kidney and Renal Pelvis","2000-04-01 00:00:00",72
"0-14","0.699999988079071","0.899999976158142","0.800000011920929","490","Mortality",60279841,"Leukemia","2000-04-01 00:00:00",73
"0-19","0.800000011920929","1","0.899999976158142","732","Mortality",80574796,"Leukemia","2000-04-01 00:00:00",74
"0-14","4.40000009536743","4.80000019073486","4.59999990463257","2458","Incidence",53577590,"Leukemia","2000-04-01 00:00:00",75
"0-19","4","4.30000019073486","4.09999990463257","2951","Incidence",71576680,"Leukemia","2000-04-01 00:00:00",76
"0-14","0.100000001490116","0.100000001490116","0.100000001490116","55","Mortality",60279841,"Non-Hodgkin Lymphoma","2000-04-01 00:00:00",77
"0-19","0.100000001490116","0.200000002980232","0.100000001490116","115","Mortality",80574796,"Non-Hodgkin Lymphoma","2000-04-01 00:00:00",78
"0-14","0.800000011920929","1","0.899999976158142","495","Incidence",53577590,"Non-Hodgkin Lymphoma","2000-04-01 00:00:00",79
"0-19","1.10000002384186","1.20000004768372","1.10000002384186","814","Incidence",71576680,"Non-Hodgkin Lymphoma","2000-04-01 00:00:00",80
"0-14","0.5","0.600000023841858","0.600000023841858","333","Mortality",60279841,"Other","2000-04-01 00:00:00",81
"0-19","0.5","0.600000023841858","0.600000023841858","471","Mortality",80574796,"Other","2000-04-01 00:00:00",82
"0-14","2.79999995231628","3","2.90000009536743","1545","Incidence",53577590,"Other","2000-04-01 00:00:00",83
"0-19","4","4.30000019073486","4.19999980926514","2978","Incidence",71576680,"Other","2000-04-01 00:00:00",84
"0-14","0.100000001490116","0.100000001490116","0.100000001490116","71","Mortality",60279841,"Soft Tissue","2000-04-01 00:00:00",85
"0-19","0.200000002980232","0.200000002980232","0.200000002980232","144","Mortality",80574796,"Soft Tissue","2000-04-01 00:00:00",86
"0-14","0.899999976158142","1","1","508","Incidence",53577590,"Soft Tissue","2000-04-01 00:00:00",87
"0-19","1","1.10000002384186","1","732","Incidence",71576680,"Soft Tissue","2000-04-01 00:00:00",88
"0-14","0.300000011920929","0.400000005960464","0.300000011920929","208","Mortality",60450257,"Acute Lymphocytic","2001-04-01 00:00:00",89
"0-19","0.300000011920929","0.400000005960464","0.400000005960464","313","Mortality",80906541,"Acute Lymphocytic","2001-04-01 00:00:00",90
"0-14","3.70000004768372","4","3.79999995231628","2116","Incidence",55895109,"Acute Lymphocytic","2001-04-01 00:00:00",91
"0-19","3.09999990463257","3.40000009536743","3.20000004768372","2403","Incidence",74755914,"Acute Lymphocytic","2001-04-01 00:00:00",92
"0-14","0.200000002980232","0.300000011920929","0.300000011920929","157","Mortality",60450257,"Acute Myeloid","2001-04-01 00:00:00",93
"0-19","0.200000002980232","0.300000011920929","0.300000011920929","227","Mortality",80906541,"Acute Myeloid","2001-04-01 00:00:00",94
"0-14","0.600000023841858","0.699999988079071","0.699999988079071","376","Incidence",55895109,"Acute Myeloid","2001-04-01 00:00:00",95
"0-19","0.699999988079071","0.800000011920929","0.699999988079071","532","Incidence",74755914,"Acute Myeloid","2001-04-01 00:00:00",96
"0-14","2.40000009536743","2.59999990463257","2.5","1494","Mortality",60450257,"All Cancer Sites Combined","2001-04-01 00:00:00",97
"0-19","2.59999990463257","2.90000009536743","2.79999995231628","2226","Mortality",80906541,"All Cancer Sites Combined","2001-04-01 00:00:00",98
"0-14","15.3000001907349","16","15.6999998092651","8745","Incidence",55895109,"All Cancer Sites Combined","2001-04-01 00:00:00",99
"0-19","16.7999992370605","17.3999996185303","17.1000003814697","12758","Incidence",74755914,"All Cancer Sites Combined","2001-04-01 00:00:00",100
"0-14","0.100000001490116","0.200000002980232","0.100000001490116","88","Mortality",60450257,"Bones and Joints","2001-04-01 00:00:00",101
"0-19","0.200000002980232","0.300000011920929","0.200000002980232","189","Mortality",80906541,"Bones and Joints","2001-04-01 00:00:00",102
"0-14","0.699999988079071","0.800000011920929","0.699999988079071","408","Incidence",55895109,"Bones and Joints","2001-04-01 00:00:00",103
"0-19","0.899999976158142","1","1","732","Incidence",74755914,"Bones and Joints","2001-04-01 00:00:00",104
"0-14","0.600000023841858","0.800000011920929","0.699999988079071","416","Mortality",60450257,"Brain and Other Nervous System","2001-04-01 00:00:00",105
"0-19","0.600000023841858","0.699999988079071","0.600000023841858","520","Mortality",80906541,"Brain and Other Nervous System","2001-04-01 00:00:00",106
"0-14","3.20000004768372","3.5","3.29999995231628","1857","Incidence",55895109,"Brain and Other Nervous System","2001-04-01 00:00:00",107
"0-19","2.90000009536743","3.20000004768372","3","2262","Incidence",74755914,"Brain and Other Nervous System","2001-04-01 00:00:00",108
"0-14","null","null","null","null","Mortality",60450257,"Hodgkin Lymphoma","2001-04-01 00:00:00",109
"0-19","0","0.100000001490116","0","31","Mortality",80906541,"Hodgkin Lymphoma","2001-04-01 00:00:00",110
"0-14","0.5","0.699999988079071","0.600000023841858","331","Incidence",55895109,"Hodgkin Lymphoma","2001-04-01 00:00:00",111
"0-19","1.20000004768372","1.29999995231628","1.29999995231628","943","Incidence",74755914,"Hodgkin Lymphoma","2001-04-01 00:00:00",112
"0-14","0.100000001490116","0.100000001490116","0.100000001490116","58","Mortality",60450257,"Kidney and Renal Pelvis","2001-04-01 00:00:00",113
"0-19","0.100000001490116","0.100000001490116","0.100000001490116","66","Mortality",80906541,"Kidney and Renal Pelvis","2001-04-01 00:00:00",114
"0-14","0.800000011920929","1","0.899999976158142","489","Incidence",55895109,"Kidney and Renal Pelvis","2001-04-01 00:00:00",115
"0-19","0.600000023841858","0.800000011920929","0.699999988079071","519","Incidence",74755914,"Kidney and Renal Pelvis","2001-04-01 00:00:00",116
"0-14","0.800000011920929","0.899999976158142","0.800000011920929","503","Mortality",60450257,"Leukemia","2001-04-01 00:00:00",117
"0-19","0.800000011920929","1","0.899999976158142","728","Mortality",80906541,"Leukemia","2001-04-01 00:00:00",118
"0-14","4.69999980926514","5.09999990463257","4.90000009536743","2711","Incidence",55895109,"Leukemia","2001-04-01 00:00:00",119
"0-19","4.19999980926514","4.5","4.40000009536743","3246","Incidence",74755914,"Leukemia","2001-04-01 00:00:00",120
"0-14","0","0.100000001490116","0.100000001490116","40","Mortality",60450257,"Non-Hodgkin Lymphoma","2001-04-01 00:00:00",121
"0-19","0.100000001490116","0.200000002980232","0.100000001490116","101","Mortality",80906541,"Non-Hodgkin Lymphoma","2001-04-01 00:00:00",122
"0-14","0.800000011920929","1","0.899999976158142","510","Incidence",55895109,"Non-Hodgkin Lymphoma","2001-04-01 00:00:00",123
"0-19","1","1.20000004768372","1.10000002384186","840","Incidence",74755914,"Non-Hodgkin Lymphoma","2001-04-01 00:00:00",124
"0-14","0.400000005960464","0.600000023841858","0.5","297","Mortality",60450257,"Other","2001-04-01 00:00:00",125
"0-19","0.5","0.600000023841858","0.600000023841858","444","Mortality",80906541,"Other","2001-04-01 00:00:00",126
"0-14","3.20000004768372","3.5","3.40000009536743","1884","Incidence",55895109,"Other","2001-04-01 00:00:00",127
"0-19","4.5","4.80000019073486","4.59999990463257","3454","Incidence",74755914,"Other","2001-04-01 00:00:00",128
"0-14","0.100000001490116","0.200000002980232","0.100000001490116","86","Mortality",60450257,"Soft Tissue","2001-04-01 00:00:00",129
"0-19","0.200000002980232","0.200000002980232","0.200000002980232","147","Mortality",80906541,"Soft Tissue","2001-04-01 00:00:00",130
"0-14","0.899999976158142","1.10000002384186","1","555","Incidence",55895109,"Soft Tissue","2001-04-01 00:00:00",131
"0-19","0.899999976158142","1.10000002384186","1","762","Incidence",74755914,"Soft Tissue","2001-04-01 00:00:00",132
"0-14","0.300000011920929","0.400000005960464","0.400000005960464","217","Mortality",60563030,"Acute Lymphocytic","2002-04-01 00:00:00",133
"0-19","0.400000005960464","0.400000005960464","0.400000005960464","323","Mortality",81173400,"Acute Lymphocytic","2002-04-01 00:00:00",134
"0-14","3.5","3.90000009536743","3.70000004768372","2041","Incidence",55565102,"Acute Lymphocytic","2002-04-01 00:00:00",135
"0-19","3","3.29999995231628","3.20000004768372","2347","Incidence",74436080,"Acute Lymphocytic","2002-04-01 00:00:00",136
"0-14","0.200000002980232","0.300000011920929","0.200000002980232","131","Mortality",60563030,"Acute Myeloid","2002-04-01 00:00:00",137
"0-19","0.200000002980232","0.300000011920929","0.300000011920929","209","Mortality",81173400,"Acute Myeloid","2002-04-01 00:00:00",138
"0-14","0.600000023841858","0.699999988079071","0.699999988079071","373","Incidence",55565102,"Acute Myeloid","2002-04-01 00:00:00",139
"0-19","0.699999988079071","0.800000011920929","0.699999988079071","533","Incidence",74436080,"Acute Myeloid","2002-04-01 00:00:00",140
"0-14","2.40000009536743","2.70000004768372","2.59999990463257","1548","Mortality",60563030,"All Cancer Sites Combined","2002-04-01 00:00:00",141
"0-19","2.70000004768372","2.90000009536743","2.79999995231628","2271","Mortality",81173400,"All Cancer Sites Combined","2002-04-01 00:00:00",142
"0-14","15.3000001907349","15.8999996185303","15.6000003814697","8658","Incidence",55565102,"All Cancer Sites Combined","2002-04-01 00:00:00",143
"0-19","16.7999992370605","17.3999996185303","17.1000003814697","12757","Incidence",74436080,"All Cancer Sites Combined","2002-04-01 00:00:00",144
"0-14","0.100000001490116","0.200000002980232","0.100000001490116","85","Mortality",60563030,"Bones and Joints","2002-04-01 00:00:00",145
"0-19","0.200000002980232","0.300000011920929","0.200000002980232","179","Mortality",81173400,"Bones and Joints","2002-04-01 00:00:00",146
"0-14","0.699999988079071","0.800000011920929","0.699999988079071","406","Incidence",55565102,"Bones and Joints","2002-04-01 00:00:00",147
"0-19","0.899999976158142","1","0.899999976158142","710","Incidence",74436080,"Bones and Joints","2002-04-01 00:00:00",148
"0-14","0.699999988079071","0.800000011920929","0.800000011920929","463","Mortality",60563030,"Brain and Other Nervous System","2002-04-01 00:00:00",149
"0-19","0.699999988079071","0.800000011920929","0.699999988079071","571","Mortality",81173400,"Brain and Other Nervous System","2002-04-01 00:00:00",150
"0-14","3.40000009536743","3.70000004768372","3.5","1953","Incidence",55565102,"Brain and Other Nervous System","2002-04-01 00:00:00",151
"0-19","3.09999990463257","3.29999995231628","3.20000004768372","2368","Incidence",74436080,"Brain and Other Nervous System","2002-04-01 00:00:00",152
"0-14","null","null","null","null","Mortality",60563030,"Hodgkin Lymphoma","2002-04-01 00:00:00",153
"0-19","0","0.100000001490116","0","33","Mortality",81173400,"Hodgkin Lymphoma","2002-04-01 00:00:00",154
"0-14","0.5","0.600000023841858","0.5","306","Incidence",55565102,"Hodgkin Lymphoma","2002-04-01 00:00:00",155
"0-19","1.10000002384186","1.29999995231628","1.20000004768372","919","Incidence",74436080,"Hodgkin Lymphoma","2002-04-01 00:00:00",156
"0-14","0.100000001490116","0.100000001490116","0.100000001490116","42","Mortality",60563030,"Kidney and Renal Pelvis","2002-04-01 00:00:00",157
"0-19","0","0.100000001490116","0.100000001490116","49","Mortality",81173400,"Kidney and Renal Pelvis","2002-04-01 00:00:00",158
"0-14","0.800000011920929","0.899999976158142","0.800000011920929","465","Incidence",55565102,"Kidney and Renal Pelvis","2002-04-01 00:00:00",159
"0-19","0.600000023841858","0.699999988079071","0.699999988079071","490","Incidence",74436080,"Kidney and Renal Pelvis","2002-04-01 00:00:00",160
"0-14","0.699999988079071","0.800000011920929","0.699999988079071","441","Mortality",60563030,"Leukemia","2002-04-01 00:00:00",161
"0-19","0.800000011920929","0.899999976158142","0.800000011920929","678","Mortality",81173400,"Leukemia","2002-04-01 00:00:00",162
"0-14","4.59999990463257","5","4.80000019073486","2644","Incidence",55565102,"Leukemia","2002-04-01 00:00:00",163
"0-19","4.19999980926514","4.5","4.30000019073486","3185","Incidence",74436080,"Leukemia","2002-04-01 00:00:00",164
"0-14","0.100000001490116","0.200000002980232","0.100000001490116","74","Mortality",60563030,"Non-Hodgkin Lymphoma","2002-04-01 00:00:00",165
"0-19","0.100000001490116","0.200000002980232","0.100000001490116","118","Mortality",81173400,"Non-Hodgkin Lymphoma","2002-04-01 00:00:00",166
"0-14","0.800000011920929","1","0.899999976158142","511","Incidence",55565102,"Non-Hodgkin Lymphoma","2002-04-01 00:00:00",167
"0-19","1.10000002384186","1.20000004768372","1.10000002384186","847","Incidence",74436080,"Non-Hodgkin Lymphoma","2002-04-01 00:00:00",168
"0-14","0.5","0.600000023841858","0.600000023841858","342","Mortality",60563030,"Other","2002-04-01 00:00:00",169
"0-19","0.600000023841858","0.699999988079071","0.600000023841858","490","Mortality",81173400,"Other","2002-04-01 00:00:00",170
"0-14","3.09999990463257","3.40000009536743","3.20000004768372","1806","Incidence",55565102,"Other","2002-04-01 00:00:00",171
"0-19","4.5","4.80000019073486","4.59999990463257","3472","Incidence",74436080,"Other","2002-04-01 00:00:00",172
"0-14","0.100000001490116","0.200000002980232","0.200000002980232","95","Mortality",60563030,"Soft Tissue","2002-04-01 00:00:00",173
"0-19","0.200000002980232","0.200000002980232","0.200000002980232","153","Mortality",81173400,"Soft Tissue","2002-04-01 00:00:00",174
"0-14","0.899999976158142","1.10000002384186","1","567","Incidence",55565102,"Soft Tissue","2002-04-01 00:00:00",175
"0-19","1","1.10000002384186","1","766","Incidence",74436080,"Soft Tissue","2002-04-01 00:00:00",176
"0-14","0.400000005960464","0.5","0.400000005960464","246","Mortality",60628650,"Acute Lymphocytic","2003-04-01 00:00:00",177
"0-19","0.400000005960464","0.400000005960464","0.400000005960464","328","Mortality",81425816,"Acute Lymphocytic","2003-04-01 00:00:00",178
"0-14","3.40000009536743","3.70000004768372","3.59999990463257","2027","Incidence",56909320,"Acute Lymphocytic","2003-04-01 00:00:00",179
"0-19","2.90000009536743","3.20000004768372","3.09999990463257","2317","Incidence",76413922,"Acute Lymphocytic","2003-04-01 00:00:00",180
"0-14","0.200000002980232","0.300000011920929","0.200000002980232","142","Mortality",60628650,"Acute Myeloid","2003-04-01 00:00:00",181
"0-19","0.200000002980232","0.300000011920929","0.300000011920929","207","Mortality",81425816,"Acute Myeloid","2003-04-01 00:00:00",182
"0-14","0.600000023841858","0.699999988079071","0.699999988079071","375","Incidence",56909320,"Acute Myeloid","2003-04-01 00:00:00",183
"0-19","0.600000023841858","0.699999988079071","0.699999988079071","529","Incidence",76413922,"Acute Myeloid","2003-04-01 00:00:00",184
"0-14","2.40000009536743","2.70000004768372","2.5","1543","Mortality",60628650,"All Cancer Sites Combined","2003-04-01 00:00:00",185
"0-19","2.59999990463257","2.90000009536743","2.70000004768372","2233","Mortality",81425816,"All Cancer Sites Combined","2003-04-01 00:00:00",186
"0-14","14.8999996185303","15.6000003814697","15.1999998092651","8697","Incidence",56909320,"All Cancer Sites Combined","2003-04-01 00:00:00",187
"0-19","16.5","17","16.7000007629395","12835","Incidence",76413922,"All Cancer Sites Combined","2003-04-01 00:00:00",188
"0-14","0.100000001490116","0.200000002980232","0.100000001490116","82","Mortality",60628650,"Bones and Joints","2003-04-01 00:00:00",189
"0-19","0.200000002980232","0.300000011920929","0.200000002980232","186","Mortality",81425816,"Bones and Joints","2003-04-01 00:00:00",190
"0-14","0.600000023841858","0.800000011920929","0.699999988079071","411","Incidence",56909320,"Bones and Joints","2003-04-01 00:00:00",191
"0-19","0.800000011920929","1","0.899999976158142","693","Incidence",76413922,"Bones and Joints","2003-04-01 00:00:00",192
"0-14","0.699999988079071","0.800000011920929","0.800000011920929","458","Mortality",60628650,"Brain and Other Nervous System","2003-04-01 00:00:00",193
"0-19","0.699999988079071","0.800000011920929","0.699999988079071","577","Mortality",81425816,"Brain and Other Nervous System","2003-04-01 00:00:00",194
"0-14","3.20000004768372","3.5","3.40000009536743","1917","Incidence",56909320,"Brain and Other Nervous System","2003-04-01 00:00:00",195
"0-19","3","3.20000004768372","3.09999990463257","2350","Incidence",76413922,"Brain and Other Nervous System","2003-04-01 00:00:00",196
"0-14","null","null","null","null","Mortality",60628650,"Hodgkin Lymphoma","2003-04-01 00:00:00",197
"0-19","0","0","0","21","Mortality",81425816,"Hodgkin Lymphoma","2003-04-01 00:00:00",198
"0-14","0.5","0.600000023841858","0.600000023841858","326","Incidence",56909320,"Hodgkin Lymphoma","2003-04-01 00:00:00",199
"0-19","1.10000002384186","1.29999995231628","1.20000004768372","933","Incidence",76413922,"Hodgkin Lymphoma","2003-04-01 00:00:00",200
"0-14","0.100000001490116","0.100000001490116","0.100000001490116","54","Mortality",60628650,"Kidney and Renal Pelvis","2003-04-01 00:00:00",201
"0-19","0.100000001490116","0.100000001490116","0.100000001490116","65","Mortality",81425816,"Kidney and Renal Pelvis","2003-04-01 00:00:00",202
"0-14","0.800000011920929","1","0.899999976158142","498","Incidence",56909320,"Kidney and Renal Pelvis","2003-04-01 00:00:00",203
"0-19","0.600000023841858","0.800000011920929","0.699999988079071","527","Incidence",76413922,"Kidney and Renal Pelvis","2003-04-01 00:00:00",204
"0-14","0.800000011920929","0.899999976158142","0.800000011920929","505","Mortality",60628650,"Leukemia","2003-04-01 00:00:00",205
"0-19","0.800000011920929","0.899999976158142","0.800000011920929","688","Mortality",81425816,"Leukemia","2003-04-01 00:00:00",206
"0-14","4.40000009536743","4.69999980926514","4.59999990463257","2588","Incidence",56909320,"Leukemia","2003-04-01 00:00:00",207
"0-19","4","4.30000019073486","4.09999990463257","3121","Incidence",76413922,"Leukemia","2003-04-01 00:00:00",208
"0-14","0.100000001490116","0.100000001490116","0.100000001490116","50","Mortality",60628650,"Non-Hodgkin Lymphoma","2003-04-01 00:00:00",209
"0-14","3.70000004768372","4","3.90000009536743","2321","Incidence",59550980,"Other","2010-04-01 00:00:00",567
"0-19","4.90000009536743","5.30000019073486","5.09999990463257","4197","Incidence",80961146,"Other","2010-04-01 00:00:00",568
"0-14","0.100000001490116","0.200000002980232","0.100000001490116","79","Mortality",61205447,"Soft Tissue","2010-04-01 00:00:00",569
"0-19","0.100000001490116","0.200000002980232","0.200000002980232","146","Mortality",83185588,"Soft Tissue","2010-04-01 00:00:00",570
"0-14","1","1.10000002384186","1","619","Incidence",59550980,"Soft Tissue","2010-04-01 00:00:00",571
"0-19","1","1.10000002384186","1","847","Incidence",80961146,"Soft Tissue","2010-04-01 00:00:00",572
